version,label,method,status,scope,correct,cpu_s,wall_s,memory_sum_b,paired_memory_delta_pct,optimization_start,optimization_end,optimization_duration_minutes,correct_vs_baseline,cpu_vs_baseline_pct,wall_vs_baseline_pct,source
0,Baseline,Pristine cloned Deagle,baseline,exact725,444,12737.303,12762.179,68299001856,0,,,,0,0,0,source-records/shallow-counterexample-full-v46-20260723/conclusion.md
1,V1,Watched CO-FR Event-Driven Shadow,failed,target_or_audit,,,,,,2026-07-22T14:48:45.000Z,2026-07-22T14:52:17.889Z,3.548153456052144,,,,source-records/watched-cofr-event-driven-shadow-20260722/conclusion.md
2,V2,Watched CO-FR Event-Driven Shadow Repair,audit,target_or_audit,,,,,,2026-07-22T14:53:21.000Z,2026-07-22T14:55:01.541Z,1.6756863156954447,,,,source-records/watched-cofr-event-driven-shadow-v2-20260722/conclusion.md
3,V3,Watched CO-FR Event-Driven Diagnostic,failed,target_or_audit,,,,,,2026-07-22T14:58:04.000Z,2026-07-22T15:00:32.801Z,2.4800193945566815,,,,source-records/watched-cofr-event-driven-diagnostic-v3-20260722/conclusion.md
4,V4,First-Missing CO-FR Watch,audit,target_or_audit,,,,,,2026-07-22T15:02:26.000Z,2026-07-22T15:03:38.405Z,1.2067516803741456,,,,source-records/watched-cofr-first-missing-v4-20260722/conclusion.md
5,V5,First-Missing CO-FR Profile,audit,target_or_audit,,,,,,2026-07-22T15:07:00.000Z,2026-07-22T15:08:20.476Z,1.3412826935450235,,,,source-records/watched-cofr-first-missing-profile-v5-20260722/conclusion.md
6,V6,Missing-Rule CO-FR Watch,audit,target_or_audit,,,,,,2026-07-22T15:09:54.000Z,2026-07-22T15:11:31.684Z,1.6280807932217916,,,,source-records/watched-cofr-missing-rule-v6-20260722/conclusion.md
7,V7,RF-Activation Watch,audit,target_or_audit,,,,,,2026-07-22T15:14:19.000Z,2026-07-22T15:15:36.436Z,1.290611449877421,,,,source-records/watched-cofr-rf-activation-v7-20260722/conclusion.md
8,V8,RF-Activation 14-Task Gate,audit,target_or_audit,,,,,,2026-07-22T15:16:52.000Z,2026-07-22T15:19:24.155Z,2.5359304348627725,,,,source-records/watched-cofr-rf-activation-14task-v8-20260722/conclusion.md
9,V9,Dynamic Watched-Closure Query,audit,target_or_audit,,,,,,2026-07-22T15:25:38.000Z,2026-07-22T15:28:06.343Z,2.4723941802978517,,,,source-records/watched-closure-dynamic-query-v9-20260722/conclusion.md
10,V10,Watched Callback Extraction,audit,target_or_audit,,,,,,2026-07-22T15:30:59.000Z,2026-07-22T15:33:33.356Z,2.572615472475688,,,,source-records/watched-callback-extraction-v10-20260722/conclusion.md
11,V11,Watched Callback Takeover,audit,target_or_audit,,,,,,2026-07-22T15:45:12.000Z,2026-07-22T15:49:25.572Z,4.226201470692953,,,,source-records/watched-callback-takeover-v11-20260722/conclusion.md
12,V12,Native Callback Ordering,audit,target_or_audit,,,,,,2026-07-22T16:14:06.000Z,2026-07-22T16:17:16.967Z,3.182784903049469,,,,source-records/watched-callback-native-order-v12-20260722/conclusion.md
13,V13,Native Callback Fallback,audit,target_or_audit,,,,,,2026-07-22T16:22:29.000Z,2026-07-22T16:24:26.960Z,1.9660032868385315,,,,source-records/watched-callback-native-fallback-v13-20260722/conclusion.md
14,V14,Immediate Watched Callback,audit,target_or_audit,,,,,,2026-07-22T16:34:54.000Z,2026-07-22T16:40:12.526Z,5.308779700597127,,,,source-records/watched-immediate-callback-v14-20260723/conclusion.md
15,V15,Compact Watched Provenance,audit,target_or_audit,,,,,,2026-07-22T16:45:49.000Z,2026-07-22T16:49:14.125Z,3.4187654495239257,,,,source-records/watched-compact-provenance-v15-20260723/conclusion.md
16,V16,Native Closure Row Skip,audit,target_or_audit,,,,,,2026-07-22T16:56:58.000Z,2026-07-22T17:03:42.889Z,6.748163882891337,,,,source-records/native-closure-row-skip-v16-20260723/conclusion.md
17,V17,Linear Reason Merge,failed,target_or_audit,,,,,,,,,,,,source-records/shallow-prepass-trigger-v47-20260723/conclusion.md
18,V18,Repaired Linear Reason Merge,failed,target_or_audit,,,,,,,,,,,,source-records/shallow-prepass-trigger-v47-20260723/conclusion.md
19,V19,CPU Hotspot Audit,audit,target_or_audit,,,,,,,,,,,,source-records/shallow-prepass-trigger-v47-20260723/conclusion.md
20,V20,Clean Adaptive Residual Profile,audit,target_or_audit,,,,,,,,,,,,source-records/shallow-prepass-trigger-v47-20260723/conclusion.md
21,V21,Native Packed Delta Shadow,audit,target_or_audit,,,,,,2026-07-22T18:44:28.000Z,2026-07-22T19:10:33.000Z,26.083333333333332,,,,source-records/native-packed-delta-shadow-v21-20260723/conclusion.md
22,V22,Native Packed Delta Takeover,audit,target_or_audit,,,,,,2026-07-22T18:54:15.000Z,2026-07-22T19:10:33.000Z,16.3,,,,source-records/native-packed-delta-takeover-v22-20260723/conclusion.md
23,V23,RF-First Branching,audit,target_or_audit,,,,,,2026-07-22T19:17:49.000Z,2026-07-22T19:36:56.056Z,19.117616295814514,,,,source-records/native-rf-first-branching-v23-20260723/conclusion.md
24,V24,Guarded RF Frontier,audit,target_or_audit,,,,,,2026-07-22T19:49:20.000Z,2026-07-22T19:52:26.383Z,3.106397632757823,,,,source-records/native-guarded-rf-frontier-v24-20260723/conclusion.md
25,V25,Ranked RF-First Scheduling,audit,target_or_audit,,,,,,2026-07-22T19:55:42.000Z,2026-07-22T19:58:46.244Z,3.070734985669454,,,,source-records/native-ranked-rf-first-v25-20260723/conclusion.md
26,V26,Batch Clause Minimization Opportunity,audit,target_or_audit,,,,,,2026-07-22T20:08:35.000Z,2026-07-22T20:25:06.477Z,16.524624955654144,,,,source-records/batch-clause-minimization-opportunity-v26-20260723/conclusion.md
27,V27,Cached Clause Minimization Shadow,audit,target_or_audit,,,,,,2026-07-22T20:28:43.000Z,2026-07-22T20:37:40.000Z,8.95,,,,source-records/cached-clause-minimization-shadow-v27-20260723/conclusion.md
28,V28,Cached Clause Minimization Takeover,audit,target_or_audit,,,,,,2026-07-22T20:38:24.000Z,2026-07-22T20:57:59.000Z,19.583333333333332,,,,source-records/cached-clause-minimization-takeover-v28-20260723/conclusion.md
29,V29,Cached Clause Minimization,failed,exact725,444,12707.903,12731.129,67956215808,0.05,2026-07-22T20:43:11.000Z,2026-07-22T20:57:59.000Z,14.8,0,-0.23081809390889108,-0.243297010643706,source-records/cached-clause-minimization-vs-adaptive-full-v29-20260723/conclusion.md
30,V30,Theory-Restart Epoch Scheduling,failed,target_or_audit,,,,,,2026-07-22T21:09:12.000Z,2026-07-22T21:26:24.000Z,17.2,,,,source-records/theory-restart-epoch-profile-v30-20260723/conclusion.md
31,V31,Conjunctive Loop-Bound Inference,failed,target_or_audit,,,,,,2026-07-22T21:39:05.000Z,2026-07-22T21:40:32.000Z,1.45,,,,source-records/conjunctive-loop-bound-coverage-v31-20260723/conclusion.md
32,V32,Affine Loop-Bound Certificates,failed,target_or_audit,,,,,,2026-07-22T21:41:35.000Z,2026-07-22T21:43:04.000Z,1.4833333333333334,,,,source-records/affine-loop-bound-coverage-v32-20260723/conclusion.md
33,V33,Must-Assume Loop Bounds,failed,target_or_audit,,,,,,2026-07-22T21:44:09.000Z,2026-07-22T21:45:41.000Z,1.5333333333333334,,,,source-records/must-assume-loop-bound-coverage-v33-20260723/conclusion.md
34,V34,Existing Polynomial Loop Accelerator,failed,target_or_audit,,,,,,2026-07-22T21:47:00.000Z,2026-07-22T22:16:33.000Z,29.55,,,,source-records/existing-loop-acceleration-feasibility-v34-20260723/conclusion.md
35,V35,Interference-Stable Loop Normalization,failed,target_or_audit,,,,,,2026-07-22T22:17:57.000Z,2026-07-22T22:20:01.000Z,2.066666666666667,,,,source-records/interference-stable-loop-coverage-v35-20260723/conclusion.md
36,V36,Concurrency k-Induction,failed,target_or_audit,,,,,,2026-07-22T22:22:17.000Z,2026-07-22T22:35:59.000Z,13.7,,,,source-records/concurrency-kinduction-feasibility-v36-20260723/conclusion.md
37,V37,No independent experiment record,missing,missing,,,,,,,,,,,,
38,V38,Event-Transparent Loop Summary,failed,target_or_audit,,,,,,2026-07-22T22:38:51.000Z,2026-07-22T22:41:45.000Z,2.9,,,,source-records/event-transparent-loop-coverage-v38-20260723/conclusion.md
39,V39,Zero-Net-Effect Spinloop Summary,failed,target_or_audit,,,,,,2026-07-22T22:42:57.000Z,2026-07-22T22:45:02.757Z,2.095950547854106,,,,source-records/zne-spinloop-coverage-v39-20260723/conclusion.md
40,V40,Timeout Loop Taxonomy,audit,target_or_audit,,,,,,2026-07-22T22:46:29.472Z,2026-07-22T22:46:30.760Z,0.02146647373835246,,,,source-records/timeout-loop-taxonomy-v40-20260723/conclusion.md
41,V41,Nondeterministic Bulk Initialization,audit,target_or_audit,,,,,,2026-07-22T22:48:16.727Z,2026-07-22T22:52:07.765Z,3.850634717941284,,,,source-records/nondet-bulk-init-feasibility-v41-20260723/conclusion.md
42,V42,Nondeterministic Bulk-Init Shadow,failed,target_or_audit,,,,,,2026-07-22T22:59:56.212Z,2026-07-22T23:12:21.040Z,12.413804841041564,,,,source-records/nondet-bulk-init-shadow-v42-20260723/conclusion.md
43,V43,Post-Initialization Weaver Loop Summary,failed,target_or_audit,,,,,,2026-07-22T23:14:54.000Z,2026-07-22T23:18:41.000Z,3.783333333333333,,,,source-records/post-init-weaver-loop-taxonomy-v43-20260723/conclusion.md
44,V44,Shallow Counterexample Prepass,audit,target_or_audit,,,,,,2026-07-22T23:21:08.000Z,2026-07-22T23:27:04.000Z,5.933333333333334,,,,source-records/shallow-counterexample-prepass-v44-20260723/conclusion.md
45,V45,Integrated Shallow Counterexample Prepass,audit,target_or_audit,,,,,,2026-07-22T23:27:04.000Z,2026-07-22T23:34:32.000Z,7.466666666666667,,,,source-records/shallow-counterexample-integrated-v45-20260723/conclusion.md
46,V46,Counterexample-Only Shallow Prepass,successful,exact725,460,11761.158,11787.863,68226453504,-2.915,2026-07-22T23:34:32.000Z,2026-07-22T23:48:22.000Z,13.833333333333334,16,-7.663671029887576,-7.634401617466747,source-records/shallow-counterexample-full-v46-20260723/conclusion.md
47,V47,Shallow Prepass Trigger,failed,target_or_audit,,,,,,2026-07-22T23:52:26.000Z,2026-07-22T23:54:03.000Z,1.6166666666666667,,,,source-records/shallow-prepass-trigger-v47-20260723/conclusion.md
48,V48,Post V46 Timeout Portfolio,audit,target_or_audit,,,,,,2026-07-22T23:55:46.000Z,2026-07-22T23:58:01.000Z,2.25,,,,source-records/post-v46-timeout-portfolio-v48-20260723/conclusion.md
49,V49,Interference-Closed Predicate Analysis Design,audit,target_or_audit,,,,,,2026-07-23T00:16:17.000Z,2026-07-23T00:53:04.000Z,36.78333333333333,,,,source-records/goto-ir-admission-v52-20260723/conclusion.md
50,V50,Interference Predicate Syntax,failed,target_or_audit,,,,,,2026-07-23T00:02:17.000Z,2026-07-23T00:07:10.883Z,4.89805094798406,,,,source-records/interference-predicate-syntax-v50-20260723/conclusion.md
51,V51,Immutable Array Predicate Syntax,failed,target_or_audit,,,,,,2026-07-23T00:08:41.000Z,2026-07-23T00:12:29.000Z,3.8,,,,source-records/immutable-array-predicate-syntax-v51-20260723/conclusion.md
52,V52,GOTO Ir Admission,failed,target_or_audit,,,,,,2026-07-23T00:16:17.000Z,2026-07-23T00:53:04.000Z,36.78333333333333,,,,source-records/goto-ir-admission-v52-20260723/conclusion.md
53,V53,Interference Predicate Implementation,audit,target_or_audit,,,,,,2026-07-23T00:55:16.000Z,2026-07-23T02:30:15.882Z,94.99803940455119,,,,source-records/interference-predicate-implementation-v53-20260723/conclusion.md
54,V54,Recursive Worker Predicate,failed,target_or_audit,,,,,,2026-07-23T02:40:55.376Z,2026-07-23T02:56:16.000Z,15.343718405564626,,,,source-records/recursive-worker-predicate-gate-v54-20260723/conclusion.md
55,V55,Recursive Worker Resource,audit,target_or_audit,,,,,,2026-07-23T02:50:07.000Z,2026-07-23T02:56:16.000Z,6.15,,,,source-records/recursive-worker-resource-gate-v55-20260723/conclusion.md
56,V56,Recursive-Worker Interference Fixed Point,successful,exact725,462,11174.783,12039.904,66480758784,-1.51,2026-07-23T02:57:03.000Z,2026-07-23T03:16:04.000Z,19.016666666666666,18,-12.267275105255804,-5.659495921503687,source-records/recursive-worker-vs-v46-full-v56-20260723/conclusion.md
57,V57,Loop-Contained Create Prefilter,audit,target_or_audit,,,,,,2026-07-23T03:12:09.000Z,2026-07-23T03:15:18.000Z,3.15,,,,source-records/loop-contained-create-prefilter-v57-20260723/conclusion.md
58,V58,Loop Create Resource,audit,target_or_audit,,,,,,2026-07-23T03:16:04.000Z,2026-07-23T03:21:28.000Z,5.4,,,,source-records/loop-create-resource-gate-v58-20260723/conclusion.md
59,V59,Refined Loop Filter,audit,exact725,462,11639.443,11668.661,67978014720,0.001,2026-07-23T03:24:52.000Z,2026-07-23T03:37:32.000Z,12.666666666666666,18,-8.619250087714803,-8.568427068763096,source-records/refined-loop-filter-vs-v56-full-v59-20260723/conclusion.md
60,V60,Optimize,audit,target_or_audit,,,,,,2026-07-23T03:41:54.000Z,2026-07-23T06:03:47.317Z,141.88861819903056,,,,source-records/optimize-integration-v60-20260723/conclusion.md
61,V61,Recursive Worker Failure,failed,target_or_audit,,,,,,2026-07-23T06:10:17.000Z,2026-07-23T06:14:56.000Z,4.65,,,,source-records/recursive-worker-failure-audit-v61-20260723/conclusion.md
62,V62,Finite Worker Fixedpoint,failed,target_or_audit,,,,,,2026-07-23T06:16:00.000Z,2026-07-23T06:19:37.000Z,3.6166666666666667,,,,source-records/finite-worker-fixedpoint-audit-v62-20260723/conclusion.md
63,V63,Assignment Lhs Shape,audit,target_or_audit,,,,,,2026-07-23T06:20:59.000Z,2026-07-23T06:28:09.000Z,7.166666666666667,,,,source-records/assignment-lhs-shape-audit-v63-20260723/conclusion.md
64,V64,Prethread Pointer Havoc,failed,target_or_audit,,,,,,2026-07-23T06:29:22.000Z,2026-07-23T06:34:43.000Z,5.35,,,,source-records/prethread-pointer-havoc-v64-20260723/conclusion.md
65,V65,Logical Array Bulk Havoc,failed,target_or_audit,,,,,,2026-07-23T06:37:28.000Z,2026-07-23T06:44:24.000Z,6.933333333333334,,,,source-records/logical-array-bulk-havoc-v65-20260723/conclusion.md
66,V66,Multi Template Worker,audit,target_or_audit,,,,,,2026-07-23T06:46:39.000Z,2026-07-23T06:50:48.000Z,4.15,,,,source-records/multi-template-worker-feasibility-v66-20260723/conclusion.md
67,V67,Multi Template Direct,audit,target_or_audit,,,,,,2026-07-23T06:52:41.000Z,2026-07-23T06:57:36.000Z,4.916666666666667,,,,source-records/multi-template-direct-gate-v67-20260723/conclusion.md
68,V68,Multi Template Portfolio,audit,target_or_audit,,,,,,2026-07-23T06:57:36.000Z,2026-07-23T07:04:08.000Z,6.533333333333333,,,,source-records/multi-template-portfolio-gate-v68-20260723/conclusion.md
69,V69,Multi-Template Worker Fixed Point,successful,exact725,464,11547.367,11576.159,63791366144,-0.789,2026-07-23T07:04:08.000Z,2026-07-23T07:24:33.000Z,20.416666666666668,20,-9.34213467325069,-9.293240597863427,source-records/multi-template-vs-v57-full-v69-20260723/conclusion.md
70,V70,Adaptive Multi Template Scheduling,audit,target_or_audit,,,,,,2026-07-23T07:26:37.000Z,2026-07-23T07:31:50.000Z,5.216666666666667,,,,source-records/adaptive-multi-template-scheduling-v70-20260723/conclusion.md
71,V71,Adaptive Multi Template,audit,target_or_audit,,,,,,2026-07-23T07:31:50.000Z,2026-07-23T07:35:39.000Z,3.816666666666667,,,,source-records/adaptive-multi-template-gate-v71-20260723/conclusion.md
72,V72,Cost-Aware Multi-Template Scheduling,audit,exact725,464,11540.239,11574.964,63707824128,0.232,2026-07-23T07:35:39.000Z,2026-07-23T07:50:26.000Z,14.783333333333333,20,-9.39809628459023,-9.30260420262089,source-records/adaptive-multi-template-vs-v69-full-v72-20260723/conclusion.md
73,V73,Relational Worker Product,failed,target_or_audit,,,,,,2026-07-23T07:53:07.000Z,2026-07-23T08:06:08.000Z,13.016666666666667,,,,source-records/relational-worker-product-feasibility-v73-20260723/conclusion.md
74,V74,Commuting Worker Product,failed,target_or_audit,,,,,,2026-07-23T08:01:15.000Z,2026-07-23T08:06:08.000Z,4.883333333333334,,,,source-records/commuting-worker-product-gate-v74-20260723/conclusion.md
75,V75,Sequential Worker Product,audit,target_or_audit,,,,,,2026-07-23T08:07:01.000Z,2026-07-23T08:16:20.000Z,9.316666666666666,,,,source-records/sequential-worker-product-gate-v75-20260723/conclusion.md
76,V76,Stuttering Loop Product,audit,target_or_audit,,,,,,2026-07-23T08:17:43.000Z,2026-07-23T08:20:35.000Z,2.8666666666666667,,,,source-records/stuttering-loop-product-feasibility-v76-20260723/conclusion.md
77,V77,Stuttering Loop Product,failed,target_or_audit,,,,,,2026-07-23T08:20:35.000Z,2026-07-23T08:33:59.000Z,13.4,,,,source-records/stuttering-loop-product-gate-v77-20260723/conclusion.md
78,V78,Relational Domain,audit,target_or_audit,,,,,,2026-07-23T08:34:28.000Z,2026-07-23T08:37:11.000Z,2.716666666666667,,,,source-records/relational-domain-feasibility-v78-20260723/conclusion.md
79,V79,Relational Fold Induction,failed,target_or_audit,,,,,,2026-07-23T08:37:11.000Z,2026-07-23T08:42:50.000Z,5.65,,,,source-records/relational-fold-induction-v79-20260723/conclusion.md
80,V80,Relational Fold Checker,audit,target_or_audit,,,,,,2026-07-23T08:42:50.000Z,2026-07-23T09:06:32.666Z,23.7111159046491,,,,source-records/relational-fold-checker-v80-20260723/conclusion.md
81,V81,Native Fold Commutativity,failed,target_or_audit,,,,,,2026-07-23T09:07:58.000Z,2026-07-23T09:19:49.000Z,11.85,,,,source-records/native-fold-commutativity-v81-20260723/conclusion.md
82,V82,Native Relational Fold,failed,exact725,474,10955.735,10986.572,65449635840,20.13,2026-07-23T09:19:49.000Z,2026-07-23T09:33:07.000Z,13.3,30,-13.987011222077383,-13.913039458230447,source-records/native-relational-fold-full-v82-20260723/conclusion.md
83,V83,Native Relational Fold Exec,failed,exact725,474,10949.734,10984.914,61722783744,-4.69,2026-07-23T09:33:07.000Z,2026-07-23T09:47:26.000Z,14.316666666666666,30,-14.03412480648375,-13.926030970103142,source-records/native-relational-fold-exec-full-v83-20260723/conclusion.md
84,V84,Native Relational Fold,successful,exact725,474,10936.837925558,10968.347739661,61851742208,-3.288,2026-07-23T09:47:26.000Z,2026-07-23T10:17:33.000Z,30.116666666666667,30,-14.135371314021494,-14.055838429620838,source-records/native-relational-fold-inline-full-v84-20260723/conclusion.md
85,V85,Optimize Native Fold,audit,target_or_audit,,,,,,2026-07-23T10:06:28.000Z,2026-07-23T10:17:33.000Z,11.083333333333334,,,,source-records/optimize-native-fold-integration-v85-20260723/conclusion.md
86,V86,Relational Fold Generalization,audit,target_or_audit,,,,,,2026-07-23T10:19:20.000Z,2026-07-23T10:23:18.000Z,3.966666666666667,,,,source-records/relational-fold-generalization-audit-v86-20260723/conclusion.md
87,V87,Algebraic Segment Certificates,audit,target_or_audit,,,,,,2026-07-23T10:24:12.000Z,2026-07-23T10:28:06.000Z,3.9,,,,source-records/algebraic-segment-certificates-v87-20260723/conclusion.md
88,V88,Algebraic Segment,audit,target_or_audit,,,,,,2026-07-23T10:29:51.000Z,2026-07-23T10:34:52.000Z,5.016666666666667,,,,source-records/algebraic-segment-integration-v88-20260723/conclusion.md
89,V89,Algebraic Segment Certificates,successful,exact725,481,10506.757471286,10541.448344443,60167909376,-3.186,2026-07-23T10:35:36.000Z,2026-07-23T10:47:05.000Z,11.483333333333333,37,-17.51191385424371,-17.400873750140946,source-records/algebraic-segment-vs-v84-full-v89-20260723/conclusion.md
90,V90,Optimize Algebraic Segment,audit,target_or_audit,,,,,,2026-07-23T10:49:03.000Z,2026-07-23T10:52:42.000Z,3.65,,,,source-records/optimize-algebraic-segment-integration-v90-20260723/conclusion.md
91,V91,No independent experiment record,missing,missing,,,,,,,,,,,,
92,V92,Composite Summary Checker,audit,target_or_audit,,,,,,2026-07-23T10:56:32.000Z,2026-07-23T11:05:03.721Z,8.528691919644674,,,,source-records/composite-summary-checker-v92-20260723/conclusion.md
93,V93,Composite Summary,audit,target_or_audit,,,,,,2026-07-23T11:07:32.000Z,2026-07-23T11:13:00.193Z,5.46988867521286,,,,source-records/composite-summary-integration-v93-20260723/conclusion.md
94,V94,Composite Summary,audit,target_or_audit,,,,,,2026-07-23T11:14:57.000Z,2026-07-23T11:26:30.131Z,11.552188022931416,,,,source-records/composite-summary-vs-v89-full-v94-20260723/conclusion.md
95,V95,Composite Loop Summaries,successful,exact725,484,10326.648,10358.443,59424276480,,2026-07-23T11:27:16.000Z,2026-07-23T11:32:51.000Z,5.583333333333333,40,-18.925945311970683,-18.83484003789636,source-records/optimize-composite-summary-integration-v95-20260723/conclusion.md
96,V96,Synthesized Segment Summary,failed,target_or_audit,,,,,,2026-07-23T11:35:48.000Z,2026-07-23T11:40:26.000Z,4.633333333333334,,,,source-records/synthesized-segment-summary-audit-v96-20260723/conclusion.md
97,V97,Phase Ordered Stream Checker,audit,target_or_audit,,,,,,2026-07-23T11:43:04.000Z,2026-07-23T11:47:16.000Z,4.2,,,,source-records/phase-ordered-stream-checker-v97-20260723/conclusion.md
98,V98,Phase Ordered Stream,audit,target_or_audit,,,,,,2026-07-23T11:48:16.000Z,2026-07-23T11:51:12.000Z,2.933333333333333,,,,source-records/phase-ordered-stream-integration-v98-20260723/conclusion.md
99,V99,Phase-Ordered Stream Cancellation,successful,exact725,488,10082.093,10113.262,58278821888,-1.99,2026-07-23T11:52:25.000Z,2026-07-23T12:02:36.000Z,10.183333333333334,44,-20.84593575264716,-20.755993157594787,source-records/phase-ordered-stream-vs-v95-full-v99-20260723/conclusion.md
100,V100,Optimize Stream,audit,target_or_audit,,,,,,2026-07-23T12:02:56.000Z,2026-07-23T12:06:46.000Z,3.8333333333333335,,,,source-records/optimize-stream-integration-v100-20260723/conclusion.md
101,V101,Thread Orbit Symmetry,failed,target_or_audit,,,,,,2026-07-23T12:09:37.000Z,2026-07-23T12:14:51.000Z,5.233333333333333,,,,source-records/thread-orbit-symmetry-audit-v101-20260723/conclusion.md
102,V102,Atomic Commutative Fold,audit,target_or_audit,,,,,,2026-07-23T12:16:37.000Z,2026-07-23T12:18:04.744Z,1.4624121069908143,,,,source-records/atomic-commutative-fold-audit-v102-20260723/conclusion.md
103,V103,Joined Effect Checker,audit,target_or_audit,,,,,,2026-07-23T12:23:25.000Z,2026-07-23T12:31:35.000Z,8.166666666666666,,,,source-records/joined-effect-checker-v103-20260723/conclusion.md
104,V104,Joined Effect,audit,target_or_audit,,,,,,2026-07-23T12:32:19.000Z,2026-07-23T12:38:58.000Z,6.65,,,,source-records/joined-effect-integration-v104-20260723/conclusion.md
105,V105,Joined-Effect Summary,successful,exact725,497,9527.519156369,9787.19079449505,55308947456,-3.55,2026-07-23T12:39:31.000Z,2026-07-23T12:51:02.000Z,11.516666666666667,53,-25.199870362124532,-23.31097381963495,source-records/joined-effect-vs-v100-full-v105-20260723/conclusion.md
106,V106,Relational Effect Design,audit,target_or_audit,,,,,,2026-07-23T12:54:53.000Z,2026-07-23T12:55:57.002Z,1.0667089780171712,,,,source-records/relational-effect-design-v106-20260723/conclusion.md
107,V107,Relational Effect Checker,audit,target_or_audit,,,,,,2026-07-23T12:57:57.000Z,2026-07-23T13:12:56.973Z,14.999555758635204,,,,source-records/relational-effect-checker-v107-20260723/conclusion.md
108,V108,Native Effect Invariant,failed,target_or_audit,,,,,,2026-07-23T13:15:34.000Z,2026-07-23T13:33:35.597Z,18.026617356141408,,,,source-records/native-effect-invariant-feasibility-v108-20260723/conclusion.md
109,V109,Native JPEQ Prototype,failed,target_or_audit,,,,,,2026-07-23T13:46:48.000Z,2026-07-23T15:08:28.792Z,81.67986976305643,,,,source-records/native-jpeq-prototype-v109-20260723/conclusion.md
110,V110,Native JCES,failed,exact725,502,9224.029552,9521.241465,53717577728,-2.42,2026-07-23T14:24:51.000Z,2026-07-23T14:36:44.810Z,11.896844557921092,58,-27.58255376354005,-25.394860352609072,source-records/native-jces-vs-v105-full-v110-20260723/conclusion.md
111,V111,Native JCES Wrapper,audit,target_or_audit,,,,,,2026-07-23T14:43:58.000Z,2026-07-23T14:48:54.107Z,4.935128124554952,,,,source-records/native-jces-wrapper-gate-v111-20260723/conclusion.md
112,V112,Native JCES,successful,exact725,503,9168.254086,9467.964007,53660835840,-2.52,2026-07-23T14:55:13.000Z,2026-07-23T15:06:22.000Z,11.15,59,-28.020444469288353,-25.812324000470454,source-records/native-jces-corrected-full-v112-20260723/conclusion.md
113,V113,JCES Rejection Timeout,audit,target_or_audit,,,,,,2026-07-23T15:55:48.000Z,2026-07-23T16:15:13.852Z,19.43087557156881,,,,source-records/jces-rejection-timeout-audit-v113-20260723/conclusion.md
114,V114,Time Sliced Unwind Portfolio,failed,target_or_audit,,,,,,2026-07-23T16:17:32.000Z,2026-07-23T16:33:28.254Z,15.937576254208883,,,,source-records/time-sliced-unwind-portfolio-v114-20260724/conclusion.md
115,V115,Wrapper Stage Timing,audit,target_or_audit,,,,,,2026-07-23T16:33:28.254Z,2026-07-23T16:49:46.046Z,16.296524945894877,,,,source-records/wrapper-stage-timing-audit-v115-20260724/conclusion.md
116,V116,Native Pipeline Timing,audit,target_or_audit,,,,,,2026-07-23T16:49:46.046Z,2026-07-23T17:10:34.000Z,20.799232133229573,,,,source-records/native-pipeline-timing-audit-v116-20260724/conclusion.md
117,V117,Abstract Valueset Prepass,failed,target_or_audit,,,,,,2026-07-23T17:10:34.000Z,2026-07-23T17:37:47.566Z,27.226100540161134,,,,source-records/abstract-valueset-prepass-v117-20260724/conclusion.md
118,V118,Precise Loop Transformer,audit,target_or_audit,,,,,,2026-07-23T17:39:39.044Z,2026-07-23T17:50:20.973Z,10.698824401696523,,,,source-records/precise-loop-transformer-audit-v118-20260724/conclusion.md
119,V119,Solver RVF Bottleneck,audit,target_or_audit,,,,,,2026-07-23T17:50:22.697Z,2026-07-23T17:54:28.922Z,4.103737994035085,,,,source-records/solver-rvf-bottleneck-audit-v119-20260724/conclusion.md
120,V120,Basic Clause Minimization,failed,target_or_audit,,,,,,2026-07-23T18:01:03.291Z,2026-07-23T18:07:49.242Z,6.765855276584626,,,,source-records/basic-clause-minimization-v120-20260724/conclusion.md
121,V121,RVF Value Class,audit,target_or_audit,,,,,,2026-07-23T18:08:00.827Z,2026-07-23T18:15:28.525Z,7.461637008190155,,,,source-records/rvf-value-class-audit-v121-20260724/conclusion.md
122,V122,Prefix-Affine Envelope,successful,exact725,504,9029.505,9315.012,52818817024,-1.5,2026-07-23T18:15:28.525Z,2026-07-23T19:11:40.132Z,56.19345372915268,60,-29.109757379564584,-27.010802779055197,source-records/prefix-affine-envelope-v122-20260724/conclusion.md
123,V123,Prefix Affine Generalization,failed,target_or_audit,,,,,,2026-07-23T19:14:17.000Z,2026-07-23T19:20:29.056Z,6.200947837034861,,,,source-records/prefix-affine-generalization-audit-v123-20260724/conclusion.md
124,V124,Prefix Affine Reset,audit,target_or_audit,,,,,,2026-07-23T19:21:00.000Z,2026-07-23T20:08:16.715Z,47.278592586517334,,,,source-records/prefix-affine-reset-v124-20260724/conclusion.md
125,V125,Prefix Affine Counterexample,failed,target_or_audit,,,,,,2026-07-23T20:17:49.000Z,2026-07-24T03:44:28.450Z,446.6575005491575,,,,source-records/prefix-affine-counterexample-audit-v125-20260724/conclusion.md
126,V126,Ticket-Rank Serializability,successful,exact725,508,8765.685,8810.449,52494516224,-0.45,2026-07-24T03:48:11.430Z,2026-07-24T05:13:04.000Z,84.87615491946538,64,-31.180996479395994,-30.96438311984183,source-records/ticket-rank-serializability-audit-v126-20260724/conclusion.md
127,V127,Concurrent Race Witness,successful,exact725,509,8709.699,8750.722,51979509760,-0.47,2026-07-24T05:17:41.778Z,2026-07-24T06:04:11.000Z,46.487019721666975,65,-31.620540078225346,-31.43238313770713,source-records/concurrent-race-witness-audit-v127-20260724/conclusion.md
128,V128,Lock Linearization Invariant,successful,exact725,511,8580.254,8622.397,51602165760,-0.78,2026-07-24T06:06:42.000Z,2026-07-24T07:00:19.000Z,53.61666666666667,67,-32.63680702264835,-32.4378932469134,source-records/lock-linearization-invariant-audit-v128-20260724/conclusion.md
129,V129,CAS Linearization Stability,successful,exact725,513,8459.057,8644.793,51860066304,-0.44,2026-07-24T07:07:20.000Z,2026-07-24T07:52:45.000Z,45.416666666666664,69,-33.588319285487664,-32.26240597314926,source-records/cas-linearization-stability-audit-v129-20260724/conclusion.md
130,V130,Predicate-Stable Linearization,successful,exact725,521,7978.895,8006.758,48462123008,-3.7,2026-07-24T08:00:53.000Z,2026-07-24T09:14:13.000Z,73.33333333333333,77,-37.35804981635437,-37.26182652664565,source-records/native-timeout-opportunity-audit-v130-20260724/conclusion.md
131,V131,Join-Scoped Transition-Word Equivalence,successful,exact725,525,7737.442,7763.987,47518035968,-1.57,2026-07-24T09:17:41.000Z,2026-07-24T10:22:55.000Z,65.23333333333333,81,-39.2536865928368,-39.164095723778836,source-records/remaining-timeout-semantic-audit-v131-20260724/conclusion.md
132,V132,Commuting Joined-Worker Sequentialization,successful,exact725,531,7371.721,7398.7,46204276736,,2026-07-24T10:26:35.000Z,2026-07-24T11:15:25.558Z,48.842642335097,87,-42.124945916729786,-42.02635772464875,source-records/post-transition-timeout-theorem-audit-v132-20260724/conclusion.md
133,V133,Lock-Ego Abstraction,successful,exact725,532,7309.698,7338.148,46217703424,0.24,2026-07-24T11:23:30.336Z,2026-07-24T12:00:26.432Z,36.934928019841514,88,-42.61188573436622,-42.50082215584031,source-records/post-commuting-timeout-theorem-audit-v133-20260724/conclusion.md
134,V134,Monotone Helper Interference Audit,audit,target_or_audit,,,,,,2026-07-24T12:03:42.875Z,2026-07-24T12:24:57.742Z,21.247783148288725,,,,source-records/transitive-lock-ego-audit-v134-20260724/conclusion.md
135,V135,Terminal Fresh-Array Loop Elimination,successful,exact725,535,7125.629,7158.9,45787471872,,2026-07-24T12:24:57.742Z,2026-07-24T13:02:23.352Z,37.426845792929335,91,-44.05700327612525,-43.9053471981548,source-records/monotone-lock-rely-audit-v135-20260724/conclusion.md
136,V136,Remaining Timeout Theorem,audit,target_or_audit,,,,,,2026-07-24T13:02:23.352Z,2026-07-24T14:16:47.211Z,74.39765168825785,,,,source-records/remaining-timeout-theorem-audit-v136-20260724/conclusion.md
137,V137,Relational Extremum-Cone Invariant,successful,exact725,544,6581.818,6608.522,42879021056,-2.24,2026-07-24T14:16:47.211Z,2026-07-24T16:20:09.000Z,123.36313350200653,100,-48.32643927839355,-48.217917958994306,source-records/post-terminal-timeout-theorem-audit-v137-20260724/conclusion.md
138,V138,Extremum Homomorphism,successful,exact725,546,6470.318,6495.869,42448961536,-0.765,2026-07-24T16:21:41.000Z,2026-07-24T17:13:10.000Z,51.483333333333334,102,-49.2018208250208,-49.100627721958766,source-records/post-extremum-timeout-theorem-audit-v138-20260725/conclusion.md
139,V139,Loop Homomorphism,successful,exact725,549,6288.174,6313.816,42234646528,-1.172,2026-07-24T17:16:00.000Z,2026-07-24T18:10:42.000Z,54.7,105,-50.631825277297715,-50.52713176958261,source-records/post-homomorphism-timeout-theorem-audit-v139-20260725/conclusion.md
140,V140,Linear Recurrence Invariant,successful,exact725,554,5987.638,6012.823,40017129472,-2.11,2026-07-24T18:10:42.000Z,2026-07-24T19:27:37.000Z,76.91666666666667,110,-52.99132006202569,-52.88560832754343,source-records/post-linear-timeout-theorem-audit-v140-20260725/conclusion.md
141,V141,Flow Recurrence Invariant,successful,exact725,559,5681.89,5704.85,38660591616,-2.02,2026-07-24T19:30:02.000Z,2026-07-24T20:30:45.000Z,60.71666666666667,115,-55.39173402721125,-55.29877774007088,source-records/post-flow-timeout-theorem-audit-v141-20260725/conclusion.md
142,V142,Order Recurrence Invariant,successful,exact725,562,5501.335,5524.246,37951606784,-1.19,2026-07-24T20:34:35.000Z,2026-07-24T21:14:09.000Z,39.56666666666667,118,-56.80926331107927,-56.71392792719801,source-records/post-order-timeout-theorem-audit-v142-20260725/conclusion.md
143,V143,Hierarchical Stream Invariant,successful,exact725,567,5196.295,5219.786,36548079616,-1.935,2026-07-24T21:14:09.000Z,2026-07-25T02:41:39.000Z,327.5,123,-59.204118799717655,-59.099570692434256,source-records/post-hierarchical-timeout-theorem-audit-v143-20260725/conclusion.md
144,V144,Prefix-Language Channel Invariant,successful,exact725,573,4828.972,4852.496,34976636928,-2.452,2026-07-25T02:41:39.000Z,2026-07-25T04:19:33.627Z,97.91045716603597,129,-62.08795535444198,-61.977527505295136,source-records/post-stream-timeout-theorem-audit-v144-20260725/conclusion.md
145,V145,Homogeneous Thread-Local Cutoff,successful,exact725,575,4710.886,4733.318,34856558592,-0.57,2026-07-25T04:19:33.627Z,2026-07-25T05:24:36.195Z,65.0427964846293,131,-63.01504329448706,-62.9113649009311,source-records/post-prefix-timeout-theorem-audit-v145-20260725/conclusion.md
146,V146,Finite Worker Cutoff,successful,exact725,579,4469.877,4494.185,34664058880,-1.16,2026-07-25T05:24:36.195Z,2026-07-25T06:38:25.501Z,73.82177464962005,135,-64.90719424669413,-64.78512799420851,source-records/post-cutoff-timeout-theorem-audit-v146-20260725/conclusion.md
147,V147,Lock-Indexed Interval Invariant,successful,exact725,581,4348.536,4371.967,33971896320,-0.87,2026-07-25T06:38:25.501Z,2026-07-25T07:35:14.000Z,56.80830503304799,137,-65.85983704713627,-65.74278577349526,source-records/post-lock-interval-timeout-theorem-audit-v147-20260725/conclusion.md
148,V148,Modular Chunk Summary,failed,exact725,585,4057.17,4080.037,32307486720,,2026-07-25T07:35:14.000Z,2026-07-25T09:13:41.000Z,98.45,141,-68.14733856924029,-68.0302478126972,source-records/post-modular-chunk-timeout-theorem-audit-v148-20260725/conclusion.md
149,V149,Dependency Stratified Prefix Portfolio,failed,target_or_audit,,,,,,2026-07-25T09:13:41.000Z,2026-07-25T09:52:04.253Z,38.387551009655,,,,source-records/dependency-stratified-prefix-portfolio-v149-20260725/conclusion.md
150,V150,Deep Counterexample Recurrence,failed,target_or_audit,,,,,,2026-07-25T09:53:17.000Z,2026-07-25T10:21:14.000Z,27.95,,,,source-records/deep-counterexample-recurrence-audit-v150-20260725/conclusion.md
151,V151,Suite Stage Cost Attribution,audit,target_or_audit,,,,,,2026-07-25T10:24:49.000Z,2026-07-25T11:00:40.763Z,35.86273239056269,,,,source-records/full-suite-stage-cost-attribution-v151-20260725/conclusion.md
152,V152,Pure Loop Elimination,failed,target_or_audit,,,,,,2026-07-25T10:38:55.000Z,2026-07-25T10:45:31.000Z,6.6,,,,source-records/pure-loop-elimination-audit-v152-20260725/conclusion.md
153,V153,Path Sensitive Purity Coverage,failed,target_or_audit,,,,,,2026-07-25T10:47:26.000Z,2026-07-25T11:00:35.887Z,13.164799610773722,,,,source-records/path-sensitive-purity-coverage-v153-20260725/conclusion.md
154,V154,Adaptive Bound Spectrum,audit,target_or_audit,,,,,,2026-07-25T11:00:40.763Z,2026-07-25T11:08:21.744Z,7.683011015256246,,,,source-records/adaptive-bound-spectrum-audit-v154-20260725/conclusion.md
155,V155,Low Bound Spectrum,audit,target_or_audit,,,,,,2026-07-25T11:08:21.744Z,2026-07-25T11:15:12.465Z,6.845344233512878,,,,source-records/low-bound-spectrum-audit-v155-20260725/conclusion.md
156,V156,Parameterized Relational Loop Census,audit,target_or_audit,,,,,,2026-07-25T11:15:12.465Z,2026-07-25T11:31:54.000Z,16.692245694001517,,,,source-records/parameterized-relational-loop-census-v156-20260725/conclusion.md
157,V157,Property-Directed Affine Conservation,successful,exact725,582,4225.837,4248.684,34050801664,-0.123,2026-07-25T11:31:54.000Z,2026-07-25T13:07:34.112Z,95.66854014794032,138,-66.82314144524943,-66.7087885227123,source-records/property-directed-affine-core-v157-20260725/conclusion.md
158,V158,Property-Directed Modular Lattice,successful,exact725,583,4226.127,4247.663,33602011136,-0.59,2026-07-25T13:07:34.112Z,2026-07-25T14:51:17.000Z,103.71479318539302,139,-66.82086466813264,-66.71678872393187,source-records/property-directed-modular-lattice-v158-20260725/conclusion.md
159,V159,Modular-Lattice Timeout Theorem,successful,exact725,585,4042.771,4064.731,33466933248,-0.65,2026-07-25T14:51:17.000Z,2026-07-25T16:20:32.000Z,89.25,141,-68.26038447856662,-68.15018031011788,source-records/post-modular-lattice-timeout-theorem-audit-v159-20260725/conclusion.md
160,V160,Role-Split Affine Stream,successful,exact725,588,3922.85,3943.106,32277499904,,2026-07-25T16:20:32.000Z,2026-07-25T17:49:24.820Z,88.88034601211548,144,-69.20187892209206,-69.10319154746223,source-records/post-token-drain-residual-theorem-audit-v160-20260726/conclusion.md
161,V161,Publication-Frontier Sequence Closure,successful,exact725,592,3613.627,3634.552,31182061568,-1.592,2026-07-25T17:49:24.820Z,2026-07-25T19:07:01.586Z,77.61275468269984,148,-71.62957495790121,-71.52091347410187,source-records/post-role-split-residual-theorem-audit-v161-20260726/conclusion.md
162,V162,Join-Scoped Relational Bisimulation,successful,exact725,594,3560.427,3583.175,31127453696,,2026-07-25T19:07:01.586Z,2026-07-25T20:00:46.644Z,53.75097847779592,150,-72.04724579449827,-71.92348579345267,source-records/post-publication-frontier-residual-theorem-audit-v162-20260726/conclusion.md
163,V163,Join-Scoped Group-Action Cancellation,successful,exact725,596,3513.025,3526.737,30197411840,,2026-07-25T20:00:46.644Z,2026-07-25T20:50:54.490Z,50.13076791365941,152,-72.41939679067067,-72.36571435019052,source-records/post-bisimulation-residual-algorithm-audit-v163-20260726/conclusion.md
164,V164,Join-Scoped Segmented-Fold Conservation,successful,exact725,597,3455.951,3469.396,30118232064,,2026-07-25T20:50:54.490Z,2026-07-25T21:21:01.938Z,30.124122818311054,153,-72.86748222916579,-72.81501850115094,source-records/post-group-action-residual-theory-audit-v164-20260726/conclusion.md
165,V165,Join-Scoped Nested-Iteration Homomorphism,successful,exact725,598,3400.611,3414.563,29604675584,,2026-07-25T21:22:49.929Z,2026-07-25T21:48:36.000Z,25.767847128709157,154,-73.3019541106936,-73.24467083559946,source-records/post-segmented-fold-residual-theory-audit-v165-20260726/conclusion.md
166,V166,Exact Local Counting-Loop Acceleration,successful,exact725,600,3281.476,3294.791,28049362944,,2026-07-25T21:50:11.000Z,2026-07-25T22:09:00.000Z,18.816666666666666,156,-74.237277703137,-74.18316260883036,source-records/post-nested-iteration-residual-theory-audit-v166-20260726/conclusion.md
167,V167,Monotone Counterexample Depth Portfolio,successful,exact725,604,3044.731,3070.712,25669898240,,2026-07-25T22:10:59.000Z,2026-07-25T22:22:52.367Z,11.889465149243673,160,-76.0959521807717,-75.93896778912128,source-records/post-local-loop-residual-theory-audit-v167-20260726/conclusion.md
168,V168,Depth-4 Counterexample Portfolio,failed,target_or_audit,,,,,,,,,,,,source-records/homogeneous-spawn-sequential-witness-v169-20260726/conclusion.md
169,V169,Homogeneous Spawn Sequential Witness,successful,exact725,605,2980.453,3006.475,25601200128,,2026-07-25T22:38:35.905Z,2026-07-25T22:57:39.857Z,19.06586437225342,161,-76.60059590323006,-76.44230659983691,source-records/homogeneous-spawn-sequential-witness-v169-20260726/conclusion.md
170,V170,Guarded Alternating-Phase Recurrence,successful,exact725,606,2921.189,2946.594,25483997184,,2026-07-25T23:01:42.528Z,2026-07-26T02:23:17.877Z,201.5891608595848,162,-77.0658749344347,-76.91151330818977,source-records/post-spawn-witness-residual-theory-audit-v170-20260726/conclusion.md
171,V171,Lifecycle-Guided Early Counterexample Prefix,successful,exact725,608,2810.353,2837.948,25696157696,,2026-07-26T02:23:17.877Z,2026-07-26T02:30:06.417Z,6.8089983026186625,164,-77.93604344656008,-77.76282561151979,source-records/post-alternating-phase-residual-theory-audit-v171-20260726/conclusion.md
172,V172,Large-Unwind Deferred Counterexample Rescue (unstable),failed,exact725,611,2989.724,3021.21,34186579968,,2026-07-26T02:31:33.566Z,2026-07-26T02:51:03.429Z,19.497710772355397,167,-76.52780969409301,-76.32684826000325,source-records/residual-counterexample-resource-audit-v172-20260726/conclusion.md
173,V173,Load-Robust Deferred Counterexample Rescue,successful,exact725,612,2935.134,2966.363,34043596800,7.5,2026-07-26T02:51:03.429Z,2026-07-26T03:01:03.770Z,10.00569665034612,168,-76.9563933589395,-76.75661029358702,source-records/load-robust-deferred-counterexample-v173-20260726/conclusion.md
174,V174,Dormant Symmetric-Thread Cutoff,successful,exact725,625,2954.771,2985.56,38706970624,,2026-07-26T03:03:23.593Z,2026-07-26T03:40:22.639Z,36.98409953514735,181,-76.80222414431061,-76.60618927222382,source-records/large-unwind-counterexample-depth-audit-v174-20260726/conclusion.md
175,V175,Conflict-Pair Dormant-Thread Decomposition,successful,exact725,630,2986.936,3019.037,40620834816,,2026-07-26T03:44:13.285Z,2026-07-26T04:14:25.422Z,30.202284876505534,186,-76.54969815823648,-76.34387513292205,source-records/residual-counterexample-mechanism-v175-20260726/conclusion.md
176,V176,Fork-After-Parse Native Portfolio,successful,exact725,630,2905.327,2939.302,39998967808,,2026-07-26T04:14:25.422Z,2026-07-26T05:46:06.100Z,91.67797606786093,186,-77.19040679176746,-76.96865088634158,source-records/native-counterexample-portfolio-v176-20260726/conclusion.md
177,V177,Unified Native Counterexample Rescue,successful,exact725,630,2897.049,2929.58,40017920000,,2026-07-26T05:46:06.100Z,2026-07-26T06:16:26.000Z,30.33165557384491,186,-77.2553970020184,-77.044829100109,source-records/unified-native-counterexample-rescue-v177-20260726/conclusion.md
178,V178,Concurrency-Aware Property Slicing Prototype,failed,target_or_audit,,,,,,2026-07-26T06:16:26.000Z,2026-07-26T06:58:35.000Z,42.15,,,,source-records/residual-solver-bottleneck-v178-20260726/conclusion.md
179,V179,Spawn-Frontier Bulk Initialization,failed,target_or_audit,,,,,,2026-07-26T07:00:22.000Z,2026-07-26T07:26:02.000Z,25.666666666666668,,,,source-records/symbolic-unwinding-mechanism-v179-20260726/conclusion.md
180,V180,Analysis-Preserving Deferred Bulk Initialization,failed,exact725,630,2891.99,2925.315,38787346432,,2026-07-26T07:41:36.704Z,2026-07-26T08:18:01.000Z,36.404920756816864,186,-77.29511498627299,-77.07824815809275,source-records/lazy-stable-nondet-cells-v180-20260726/conclusion.md
181,V181,Residual Symbolic-Region Budget,successful,exact725,631,2836.669,2868.463,39589552128,,2026-07-26T08:20:42.000Z,2026-07-26T08:36:03.000Z,15.35,187,-77.72943769964489,-77.52372067497251,source-records/residual-symbolic-region-budget-v181-20260726/conclusion.md
182,V182,Mutex-Scoped Atomic Interference,failed,target_or_audit,,,,,,2026-07-26T08:38:38.000Z,2026-07-26T09:34:24.905Z,55.781760374704994,,,,source-records/residual-mechanism-audit-v182-20260726/conclusion.md
183,V183,Predicate-Support Array Projection,failed,target_or_audit,,,,,,2026-07-26T09:38:52.000Z,2026-07-26T10:33:38.000Z,54.766666666666666,,,,source-records/predicate-support-array-projection-v183-20260726/conclusion.md
184,V184,Index-Region Ownership,failed,target_or_audit,,,,,,2026-07-26T10:33:38.000Z,2026-07-26T10:45:15.000Z,11.616666666666667,,,,source-records/index-region-ownership-v184-20260726/conclusion.md
185,V185,Demand-Driven Stable Cells,failed,target_or_audit,,,,,,2026-07-26T10:49:58.000Z,2026-07-26T11:21:27.000Z,31.483333333333334,,,,source-records/demand-driven-stable-cells-v185-20260726/conclusion.md
186,V186,Post-Initialization Worker Recurrence Audit,audit,target_or_audit,,,,,,2026-07-26T11:22:18.000Z,2026-07-26T11:30:38.000Z,8.333333333333334,,,,source-records/post-init-worker-recurrence-audit-v186-20260726/conclusion.md
187,V187,Protocol-Induced Capacity Cutoff,successful,exact725,635,2651.614797628,2702.8493496570736,38479290368,,2026-07-26T11:30:38.000Z,2026-07-26T12:26:54.453Z,56.27423084974289,191,-79.18229002145902,-78.8214116910829,source-records/protocol-induced-capacity-cutoff-v187-20260726/conclusion.md
188,V188,Fused Protocol-Capacity Dispatch,successful,exact725,635,2592.137512974,2623.1753125234973,38384365568,,2026-07-26T12:32:21.000Z,2026-07-26T12:45:45.000Z,13.4,191,-79.64924354100708,-79.44570976066471,source-records/fused-protocol-capacity-v188-20260726/conclusion.md
189,V189,Abort-Aware Nested-Lock Relational Certificate,successful,exact725,637,2589.151891558,2620.292000974994,37742215168,,2026-07-26T12:50:01.439Z,2026-07-26T13:20:08.807Z,30.122801546255747,193,-79.67268352210826,-79.46830238805619,source-records/residual-semantic-opportunity-audit-v189-20260726/conclusion.md
190,V190,Context-Instantiated Protected Regions,successful,exact725,641,2575.998098589,2606.548923523864,35703984128,,2026-07-26T13:29:39.307Z,2026-07-26T13:41:14.893Z,11.593098088105519,197,-79.77595336635235,-79.57598836747343,source-records/property-directed-lock-boundary-v190-20260726/conclusion.md
191,V191,Index-Correlated Protected Region Families,successful,exact725,646,2574.652955357001,2605.069153071614,35704438784,,2026-07-26T13:44:05.082Z,2026-07-26T14:09:50.560Z,25.757963780562083,202,-79.78651402610896,-79.58758333454175,source-records/protected-access-path-regions-v191-20260726/conclusion.md
192,V192,Must-Pointer Congruence Digest,successful,exact725,648,2573.498902392001,2604.006005124189,35078737920,,2026-07-26T14:09:50.560Z,2026-07-26T14:39:19.539Z,29.482989517847695,204,-79.79557444466853,-79.59591379243162,source-records/goblint-loop-race-transfer-v192-20260726/conclusion.md
193,V193,Conditional Lock-Acquisition Transfer,successful,exact725,650,2570.9563300149953,2601.458520903485,34302844928,,2026-07-26T14:50:43.000Z,2026-07-26T15:16:46.000Z,26.05,206,-79.81553606744697,-79.61587499357684,source-records/conditional-lock-transfer-v193-20260726/conclusion.md
194,V194,Container-Induced Dynamic Region Provenance,successful,exact725,653,2562.108056541999,2590.975206524832,33770532864,,2026-07-26T15:19:41.000Z,2026-07-26T16:30:46.000Z,71.08333333333333,209,-79.88500346940009,-79.69801860227135,source-records/fresh-region-protection-v194-20260726/conclusion.md
195,V195,Region-Lock Congruence Certificate,successful,exact725,652,2564.269124301001,2594.7453050420154,33926967296,,2026-07-26T16:35:35.000Z,2026-07-26T17:15:28.000Z,39.88333333333333,208,-79.8680370224293,-79.66847742033696,source-records/region-lock-nonvacuity-v195-20260727/conclusion.md
196,V196,Broad Event-Availability Guard Coherence,failed,exact725,649,2744.48038766,2772.914761819644,33788190720,,2026-07-26T17:36:51.000Z,2026-07-26T18:56:35.000Z,79.73333333333333,205,-78.45320639965934,-78.27240346793722,../../experiments/dynamic-initialization-rf-v196-20260727/conclusion.md
197,V197,Dynamic-Object Candidate Guard Coherence,failed,exact725,652,2697.993791595,2725.744948232197,33622917120,,2026-07-26T19:02:03.000Z,2026-07-26T19:12:53.000Z,10.833333333333334,208,-78.81817060020478,-78.64200973648624,../../experiments/dynamic-object-candidate-guards-v197-20260727/conclusion.md
198,V198,Multi-Target Dereference Guard Groups,failed,target_or_audit,,,,,,2026-07-26T19:15:34.000Z,2026-07-26T19:20:17.000Z,4.716666666666667,,,,../../experiments/multitarget-dereference-guards-v198-20260727/conclusion.md
199,V199,Conditional Event Generation,failed,exact725,652,2699.786823212,2728.2076069434406,33674092544,,2026-07-26T19:24:26.000Z,2026-07-26T19:38:56.000Z,14.5,208,-78.8040935886349,-78.6227131985577,../../experiments/conditional-event-generation-v199-20260727/conclusion.md
200,V200,Dynamic-Allocation Dereference Event Guards,failed,exact725,652,2609.548366901,2639.3167088910704,33739116544,,2026-07-26T19:43:43.000Z,2026-07-26T20:09:38.000Z,25.916666666666668,208,-79.51255170030107,-79.319231387594,../../experiments/dereference-local-event-guards-v200-20260727/conclusion.md
201,V201,Guard-Conflict Read-From Pruning,failed,target_or_audit,,,,,,2026-07-26T20:17:31.000Z,2026-07-26T20:20:55.000Z,3.4,,,,../../experiments/guard-conflict-rf-pruning-v201-20260727/conclusion.md
202,V202,Latest Local Write RF Dominance,failed,target_or_audit,,,,,,2026-07-26T20:24:00.000Z,2026-07-26T20:38:44.000Z,14.733333333333333,,,,../../experiments/latest-local-write-rf-dominance-v202-20260727/conclusion.md
203,V203,Property-Relevant Concurrent Event Cone,successful,exact725,653,2507.050019702,2537.199433997,26844622848,,2026-07-26T20:47:30.000Z,2026-07-26T21:30:52.000Z,43.36666666666667,209,-80.31726167068491,-80.11938686961686,../../experiments/property-relevant-event-cone-v203-20260727/conclusion.md
204,V204,Synchronization-Relevance Closure Audit,failed,target_or_audit,,,,,,2026-07-26T21:41:54.000Z,2026-07-26T21:43:06.000Z,1.2,,,,../../experiments/synchronization-relevance-closure-v204-20260727/conclusion.md
205,V205,Residual Early-Stage Attribution,audit,target_or_audit,,,,,,2026-07-26T21:45:58.000Z,2026-07-26T21:53:17.000Z,7.316666666666666,,,,../../experiments/residual-early-stage-attribution-v205-20260727/conclusion.md
206,V206,Guarded Mutex-Region Fixed Point,failed,target_or_audit,,,,,,2026-07-26T21:58:28.000Z,2026-07-26T22:39:55.000Z,41.45,,,,../../experiments/thread-modular-loop-certificate-v206-20260727/conclusion.md
207,V207,Interference-Closed WP Predicate Synthesis,failed,target_or_audit,,,,,,2026-07-26T22:44:06.000Z,2026-07-26T22:54:57.000Z,10.85,,,,../../experiments/interference-wp-predicate-closure-v207-20260727/conclusion.md
208,V208,Property-Seeded WP Refinement,failed,target_or_audit,,,,,,2026-07-26T22:57:23.000Z,2026-07-26T23:01:49.000Z,4.433333333333334,,,,../../experiments/property-seeded-wp-refinement-v208-20260727/conclusion.md
209,V209,WP Origin Proof-Core Attribution,failed,target_or_audit,,,,,,2026-07-26T23:03:04.000Z,2026-07-26T23:15:10.000Z,12.1,,,,../../experiments/wp-origin-proof-core-v209-20260727/conclusion.md
210,V210,Controlled WP Seed-Origin Replication,failed,target_or_audit,,,,,,2026-07-26T23:16:17.000Z,2026-07-26T23:28:00.000Z,11.716666666666667,,,,../../experiments/wp-seed-origin-replication-v210-20260727/conclusion.md
211,V211,Cyclic-GOTO WP Refinement,failed,target_or_audit,,,,,,2026-07-26T23:29:54.000Z,2026-07-26T23:34:59.000Z,5.083333333333333,,,,../../experiments/cyclic-goto-wp-refinement-v211-20260727/conclusion.md
212,V212,Property-Overlap GOTO WP Refinement,failed,target_or_audit,,,,,,2026-07-26T23:37:33.000Z,2026-07-26T23:42:31.000Z,4.966666666666667,,,,../../experiments/property-overlap-goto-wp-v212-20260727/conclusion.md
213,V213,Error-Control GOTO WP Refinement,failed,target_or_audit,,,,,,2026-07-26T23:44:02.000Z,2026-07-26T23:48:36.000Z,4.566666666666666,,,,../../experiments/error-control-goto-wp-v213-20260727/conclusion.md
214,V214,Error-Control WP Depth Minimization,failed,target_or_audit,,,,,,2026-07-26T23:50:24.000Z,2026-07-26T23:55:11.000Z,4.783333333333333,,,,../../experiments/error-control-wp-depth-v214-20260727/conclusion.md
215,V215,Error-Control Depth-2 Combined Natural Gate,failed,target_or_audit,,,,,,2026-07-26T23:56:41.000Z,2026-07-27T00:01:45.000Z,5.066666666666666,,,,../../experiments/error-control-depth2-natural-v215-20260727/conclusion.md
216,V216,Relational Proof-Gap Audit,audit,target_or_audit,,,,,,2026-07-27T00:06:00.000Z,2026-07-27T00:17:05.000Z,11.083333333333334,,,,../../experiments/relational-proof-gap-audit-v216-20260727/conclusion.md
217,V217,Guarded Affine Transition Certificate,successful,exact725,656,2398.9619804769977,2429.3490511418786,29535916032,,2026-07-27T00:19:37.000Z,2026-07-27T01:51:22.000Z,91.75,212,-81.16585606484357,-80.96446499346328,../../experiments/guarded-affine-transition-certificate-v217-20260727/conclusion.md
218,V218,Integrated Guarded Affine Dispatch,successful,exact725,656,2331.5011063990005,2362.812985364115,26734747648,,2026-07-27T01:57:53.000Z,2026-07-27T02:25:11.000Z,27.3,212,-81.69548839028953,-81.48581848472651,../../experiments/integrated-affine-dispatch-v218-20260727/conclusion.md
219,V219,Affine-Only Fail-Closed Dispatch Audit,failed,target_or_audit,,,,,,2026-07-27T02:31:52.000Z,2026-07-27T02:32:59.000Z,1.1166666666666667,,,,../../experiments/affine-only-fail-closed-v219-20260727/conclusion.md
220,V220,Delta-Cube Fixed-Point Worklist,failed,exact725,656,2334.55347143,2365.792302465299,26732269568,,2026-07-27T02:38:03.000Z,2026-07-27T03:18:20.934Z,40.298914754390715,212,-81.67152440803206,-81.46247359118455,../../experiments/delta-cube-fixedpoint-worklist-v220-20260727/conclusion.md
221,V221,Post-Affine Combined Proof Dispatch,successful,exact725,658,2214.72797363,2246.6477038895246,26623918080,,2026-07-27T03:26:07.000Z,2026-07-27T03:44:29.000Z,18.366666666666667,214,-82.61226906802797,-82.39604926486672,../../experiments/post-affine-residual-attribution-v221-20260727/conclusion.md
222,V222,Single-Process Combined Proof,successful,exact725,658,2214.670303445,2246.3932147194864,26560638976,,2026-07-27T03:51:11.000Z,2026-07-27T04:56:37.000Z,65.43333333333334,214,-82.61272183408842,-82.39804335357242,../../experiments/single-process-combined-proof-v222-20260727/conclusion.md
223,V223,Typed Nondeterministic RHS Support,failed,target_or_audit,,,,,,2026-07-27T05:00:56.000Z,2026-07-27T05:05:33.000Z,4.616666666666666,,,,../../experiments/final-native-residual-v223-20260727/conclusion.md
224,V224,Native-Atomic Affine Closure,failed,target_or_audit,,,,,,2026-07-27T05:05:54.000Z,2026-07-27T05:08:59.000Z,3.0833333333333335,,,,../../experiments/native-atomic-affine-v224-20260727/conclusion.md
225,V225,Finite-Constant Protocol Product,failed,exact725,658,2275.044592594,2304.927760864375,26571001856,,2026-07-27T05:15:56.000Z,2026-07-27T05:48:15.000Z,32.31666666666667,214,-82.13872597209944,-81.93938698975798,../../experiments/finite-constant-protocol-product-v225-20260727/conclusion.md
226,V226,Preprocessed Atomic Dispatch,successful,exact725,661,2088.109734479,2118.2589659522055,26072727552,,2026-07-27T05:48:15.000Z,2026-07-27T05:54:51.000Z,6.6,217,-83.60634323860397,-83.40205880240195,../../experiments/preprocessed-atomic-dispatch-v226-20260727/conclusion.md
227,V227,Weaver Residual Semantic Audit,failed,target_or_audit,,,,,,2026-07-27T06:01:31.000Z,2026-07-27T06:16:00.000Z,14.483333333333333,,,,../../experiments/weaver-residual-semantic-audit-v227-20260727/conclusion.md
228,V228,Large-Static Unwind Rescue,failed,target_or_audit,,,,,,2026-07-27T06:20:09.000Z,2026-07-27T06:26:38.000Z,6.483333333333333,,,,../../experiments/large-static-unwind-rescue-v228-20260727/conclusion.md
229,V229,libvsync Empty-Asm and Unwind Audit,failed,target_or_audit,,,,,,2026-07-27T06:30:32.000Z,2026-07-27T06:53:32.000Z,23,,,,../../experiments/libvsync-indexed-lifecycle-v229-20260727/conclusion.md
230,V230,Remaining UNKNOWN/ERROR Mechanism Census,failed,target_or_audit,,,,,,2026-07-27T07:05:53.000Z,2026-07-27T07:15:10.000Z,9.283333333333333,,,,../../experiments/remaining-unknown-mechanism-census-v230-20260727/conclusion.md
231,V231,Queue/Stack Large-Unwind Relation Audit,failed,target_or_audit,,,,,,2026-07-27T07:17:03.000Z,2026-07-27T07:21:05.000Z,4.033333333333333,,,,../../experiments/queue-stack-bound401-v231-20260727/conclusion.md
232,V232,Residual pthread-ext Mechanism Audit,failed,target_or_audit,,,,,,2026-07-27T07:22:56.000Z,2026-07-27T07:25:36.000Z,2.6666666666666665,,,,../../experiments/pthread-ext-residual-v232-20260727/conclusion.md
233,V233,Ticket-Lock Ownership Certificate,failed,exact725,662,2017.290621126,2047.9121288815513,25765847040,,2026-07-27T07:31:38.911Z,2026-07-27T07:57:08.882Z,25.499516665935516,218,-84.16234095140864,-83.95327217333693,../../experiments/ticket-lock-ownership-v233-20260727/conclusion.md
234,V234,Structurally Dispatched Ticket Ownership,successful,exact725,663,1963.809157165,1994.8034674422815,26248269824,,2026-07-27T08:02:18.175Z,2026-07-27T08:12:50.781Z,10.543437429269154,219,-84.58222154905948,-84.36941319000242,../../experiments/ticket-lock-dispatch-v234-20260727/conclusion.md
235,V235,Constant-Property Discharge Audit,failed,target_or_audit,,,,,,2026-07-27T08:18:50.000Z,2026-07-27T08:19:34.000Z,0.7333333333333333,,,,../../experiments/constant-property-discharge-v235-20260727/conclusion.md
236,V236,Mutex-State Call-Reachability Audit,failed,target_or_audit,,,,,,2026-07-27T08:29:03.000Z,2026-07-27T08:31:33.000Z,2.5,,,,../../experiments/mutex-state-call-reachability-v236-20260727/conclusion.md
237,V237,Lock-Allocated Index-Region Ownership,successful,exact725,665,1848.7006519090003,1878.6482470136834,26592956416,,2026-07-27T08:33:45.000Z,2026-07-27T08:57:15.000Z,23.5,221,-85.48593331014422,-85.27956513528227,../../experiments/index-region-ownership-v237-20260727/conclusion.md
238,V238,Post-Store Stable-Cell Certificate,successful,exact725,667,1728.197979525,1757.655124468496,26244182016,,2026-07-27T09:01:54.000Z,2026-07-27T09:36:15.000Z,34.35,223,-86.43199443771574,-86.22762520045757,../../experiments/post-store-stable-cell-v238-20260727/conclusion.md
239,V239,Serialized Stack-Capacity Invariant,successful,exact725,669,1717.407047352,1747.2697022235952,25972404224,,2026-07-27T09:43:12.000Z,2026-07-27T10:16:16.000Z,33.06666666666667,225,-86.51671356682023,-86.30900176040788,../../experiments/stack-capacity-invariant-v239-20260727/conclusion.md
240,V240,Serialized Queue Sequence Correspondence,successful,exact725,671,1709.147737256,1739.520209371578,24954265600,,2026-07-27T10:20:02.000Z,2026-07-27T10:42:42.000Z,22.666666666666668,227,-86.58155704346517,-86.36972409357698,../../experiments/queue-sequence-correspondence-v240-20260727/conclusion.md
241,V241,Atomic Idempotent-Loop Commuting Sequentialization,failed,exact725,671,1709.147737256,1739.520209371578,24954265600,,2026-07-27T11:00:37.000Z,2026-07-27T11:37:32.000Z,36.916666666666664,227,-86.58155704346517,-86.36972409357698,../../experiments/readonly-comparator-algebra-v241-20260727/conclusion.md
242,V242,Large Static Complete-Unwind Admission Audit,failed,exact725,671,1709.147737256,1739.520209371578,24954265600,,2026-07-27T11:41:33.000Z,2026-07-27T11:44:59.000Z,3.433333333333333,227,-86.58155704346517,-86.36972409357698,../../experiments/large-static-complete-unwind-v242-20260727/conclusion.md
243,V243,Nonnegative Oscillator Monitor,successful,exact725,672,1655.989678153,1686.4829210561002,24991068160,,2026-07-27T11:44:59.000Z,2026-07-27T11:55:42.000Z,10.716666666666667,228,-86.99889860394308,-86.78530585524541,../../experiments/nonnegative-oscillator-monitor-v243-20260727/conclusion.md
244,V244,Monotone Potential Overflow Audit,failed,exact725,672,1655.989678153,1686.4829210561002,24991068160,,2026-07-27T11:58:14.000Z,2026-07-27T11:58:36.000Z,0.36666666666666664,228,-86.99889860394308,-86.78530585524541,../../experiments/monotone-potential-overflow-audit-v244-20260727/conclusion.md
245,V245,Dynamic TLS Calloc-Zero Certificate,successful,exact725,673,1598.747031391,1629.126979312161,25394925568,,2026-07-27T11:58:36.000Z,2026-07-27T12:07:26.000Z,8.833333333333334,229,-87.44830808067454,-87.23472708451933,../../experiments/dynamic-tls-calloc-zero-v245-20260727/conclusion.md
246,V246,TLS Destructor Counterexample Certificate,successful,exact725,674,1598.872494703,1629.326790784602,25456803840,,2026-07-27T12:11:24.000Z,2026-07-27T12:17:14.000Z,5.833333333333333,230,-87.44732307378571,-87.23316143125244,../../experiments/tls-destructor-counterexample-v246-20260727/conclusion.md
247,V247,Partitioned Count Reduction,successful,exact725,675,1603.095127337,1633.377046019421,25774977024,,2026-07-27T12:20:28.000Z,2026-07-27T12:34:43.000Z,14.25,231,-87.41417137256607,-87.20142503862843,../../experiments/partitioned-count-reduction-v247-20260727/conclusion.md
248,V248,Finite Two Sided Disjunction,successful,exact725,676,1547.515635386,1577.4903934490867,25715171328,,2026-07-27T12:40:36.000Z,2026-07-27T12:45:32.000Z,4.933333333333334,232,-87.8505234947618,-87.63933342849143,../../experiments/finite-two-sided-disjunction-v248-20260727/conclusion.md
249,V249,Completion Flag Arithmetic,successful,exact725,677,1494.787371362,1524.5379580240697,25680318464,,2026-07-27T12:49:23.000Z,2026-07-27T12:53:44.000Z,4.35,233,-88.26449075316808,-88.05425031239517,../../experiments/completion-flag-arithmetic-v249-20260727/conclusion.md
250,V250,Nonzero CAS Seed,successful,exact725,678,1438.993138961,1469.1238685994176,25627951104,,2026-07-27T12:58:21.000Z,2026-07-27T13:05:08.000Z,6.783333333333333,234,-88.70252879309693,-88.4884558616564,../../experiments/nonzero-cas-seed-v250-20260727/conclusion.md
251,V251,Monotone Chunk Maximum,successful,exact725,679,1381.278470579,1414.290667127585,25679564800,,2026-07-27T13:08:59.000Z,2026-07-27T13:14:15.000Z,5.266666666666667,235,-89.15564409059752,-88.91810977476821,../../experiments/monotone-chunk-maximum-v251-20260727/conclusion.md
252,V252,Linear Tiled Copy Equivalence,successful,exact725,680,1323.6970582230006,1353.9723155956017,25302093824,,2026-07-27T13:28:29.000Z,2026-07-27T13:45:07.000Z,16.633333333333333,236,-89.60771320095785,-89.39074341775334,../../experiments/linear-tiled-copy-equivalence-v252-20260727/conclusion.md
253,V253,Atomic Queue Occupancy Value,successful,exact725,681,1264.8053403299996,1294.9803815060295,25216737280,,2026-07-27T13:47:55.000Z,2026-07-27T13:56:30.000Z,8.583333333333334,237,-90.07006946187902,-89.85298371456764,../../experiments/atomic-queue-occupancy-value-v253-20260727/conclusion.md
254,V254,Isomorphic Modular Fold Pair,successful,exact725,682,1203.4617203379987,1233.667673881282,24696680448,,2026-07-27T13:58:46.000Z,2026-07-27T14:07:30.000Z,8.733333333333333,238,-90.55167549725402,-90.33340878637354,../../experiments/isomorphic-modular-fold-pair-v254-20260727/conclusion.md
255,V255,Conserved Sum Nontermination,failed,target_or_audit,,,,,,2026-07-27T14:17:28.000Z,2026-07-27T14:23:39.000Z,6.183333333333334,,,,../../experiments/conserved-sum-nontermination-v255-20260727/conclusion.md
256,V256,Encoded Race Counterexample,successful,exact725,685,1174.583025949,1200.549746716977,25778589696,,2026-07-27T14:31:21.000Z,2026-07-27T14:38:23.000Z,7.033333333333333,241,-90.77840084396988,-90.5929093557066,../../experiments/encoded-race-counterexample-v256-20260727/conclusion.md
257,V257,Misaligned Index Lock Counterexample,successful,exact725,685,1174.583025949,1200.549746716977,25778589696,,2026-07-27T14:44:10.000Z,2026-07-27T14:48:36.000Z,4.433333333333334,241,-90.77840084396988,-90.5929093557066,../../experiments/misaligned-index-lock-counterexample-v257-20260727/conclusion.md
258,V258,Same Slot Different Lock Counterexample,successful,exact725,686,1227.181420144,1256.8216319811763,25570484224,,2026-07-27T14:53:17.000Z,2026-07-27T14:57:35.000Z,4.3,242,-90.36545318782163,-90.1519824163164,../../experiments/same-slot-different-lock-counterexample-v258-20260727/conclusion.md
259,V259,Cross Slot List Splice Counterexample,successful,exact725,687,1175.713834218,1197.3521209484898,26466152448,,2026-07-27T15:07:14.000Z,2026-07-27T15:16:47.000Z,9.55,243,-90.76952291848596,-90.61796484010694,../../experiments/cross-slot-list-splice-counterexample-v259-20260727/conclusion.md
260,V260,Independent Object Lock Index Counterexample,successful,exact725,688,1178.834081838,1201.4165163246216,26873638912,,2026-07-27T15:25:01.000Z,2026-07-27T15:29:49.000Z,4.8,244,-90.74502599303793,-90.58611765024905,../../experiments/independent-object-lock-index-counterexample-v260-20260727/conclusion.md
261,V261,Wrapped Mutex Zero Sum Safety,successful,exact725,689,1181.942264104,1204.2129293229664,26563518464,,2026-07-27T15:41:50.000Z,2026-07-27T15:46:08.000Z,4.3,245,-90.72062379214815,-90.56420592970082,../../experiments/wrapped-mutex-zero-sum-safety-v261-20260727/conclusion.md
262,V262,Guard Dominated Common Mutex Safety,successful,exact725,690,1189.129119127,1211.324997216463,26724327424,,2026-07-27T15:51:43.000Z,2026-07-27T15:55:46.648Z,4.1,246,-90.66420011263766,-90.50847823701217,../../experiments/guard-dominated-common-mutex-safety-v262-20260727/conclusion.md
263,V263,Monotone Condition Wait Safety,successful,exact725,691,1250.195763952,1290.9734508773545,27473588224,,2026-07-27T16:05:36.000Z,2026-07-27T16:12:09.072Z,6.55,247,-90.1847685969942,-89.88438063063248,../../experiments/monotone-condition-wait-safety-v263-20260728/conclusion.md
264,V264,Explicit Boolean Lock Protocol Safety,failed,target_or_audit,,,,,,2026-07-27T16:24:16.476746Z,2026-07-27T16:27:23.755195Z,3.121307483333333,,,,../../experiments/explicit-boolean-lock-protocol-safety-v264-20260728/conclusion.md
265,V265,Unwind Progress Logging Demotion,failed,target_or_audit,,,,,,2026-07-28T06:04:40.512688Z,2026-07-28T06:11:15.246805Z,6.578901950000001,,,,../../experiments/unwind-progress-logging-demotion-v265-20260728/conclusion.md
266,V266,Mutex Zero Fixedpoint Safety,successful,exact725,692,1256.417101767,1296.6684456527,27706974208,,2026-07-28T06:13:29.199139Z,2026-07-28T06:28:44.868951Z,15.261163533333333,248,-90.13592515019074,-89.83975663048841,../../experiments/mutex-zero-fixedpoint-safety-v266-20260728/conclusion.md
267,V267,Singleton Function Pointer Zero Sum,successful,exact725,694,1136.34285141,1175.9259267748566,27560644608,,2026-07-28T06:34:18.493014Z,2026-07-28T07:20:08.928850Z,45.84059726666667,250,-91.07862275546087,-90.78585305240698,../../experiments/singleton-function-pointer-zero-sum-v267-20260728/conclusion.md
268,V268,Indexed Lock Zero Sum,successful,exact725,695,1034.871633912,1063.7983498902759,27592212480,,2026-07-28T07:22:23.621997Z,2026-07-28T08:04:05.502756Z,41.69801265,251,-91.87526877619226,-91.66444578241477,../../experiments/indexed-lock-zero-sum-v268-20260728/conclusion.md
269,V269,Indexed List Race Safety,failed,target_or_audit,,,,,,2026-07-28T08:10:45.138962Z,2026-07-28T08:28:26.600523Z,17.691026016076407,,,,../../experiments/indexed-list-race-safety-v269-20260728/conclusion.md
270,V270,Nested-Lifecycle Last-Writer Safety,successful,exact725,696,1068.617481672,1109.139516892843,27364478976,,2026-07-28T08:31:29.000Z,2026-07-28T09:40:11.000Z,68.7,252,-91.61033162458332,-91.30916815308073,../../experiments/nested-lifecycle-last-writer-safety-v270-20260728/conclusion.md
271,V271,Boolean Atomic-Lock Region Safety,successful,exact725,697,1003.271697325,1043.430507744895,27290218496,,,,,253,-92.1233584745138,-91.82404111598109,../../experiments/boolean-atomic-lock-region-safety-v271-20260728/conclusion.md
272,V272,Chunked Iterator Equivalence,failed,target_or_audit,,,,,,,,,,,,../../experiments/chunked-iterator-equivalence-v272-20260728/conclusion.md
273,V273,Poker-Hand Sequentialization,failed,target_or_audit,,,,,,,,,,,,../../experiments/poker-hand-equivalence-v273-20260728/conclusion.md
274,V274,Empty Compiler-Barrier Front End,failed,target_or_audit,,,,,,,,,,,,../../experiments/empty-compiler-barrier-v274-20260728/conclusion.md
275,V275,Work-Steal Queue Mutex Safety,failed,target_or_audit,,,,,,,,,,,,../../experiments/workstealqueue-mutex-safety-v275-20260728/conclusion.md
276,V276,SafeStack ABA Counterexample,failed,target_or_audit,,,,,,2026-07-28T11:21:36.000Z,2026-07-28T11:43:32.000Z,21.933333333333334,,,,../../experiments/safestack-relacy-counterexample-v276-20260728/conclusion.md
277,V277,Elimination-Backoff Counterexample,failed,target_or_audit,,,,,,2026-07-28T11:50:26.000Z,2026-07-28T11:55:22.000Z,4.933333333333334,,,,../../experiments/elimination-backoff-native-v277-20260728/conclusion.md
278,V278,libvsync Atomic Semantics,failed,target_or_audit,,,,,,2026-07-28T11:58:21.000Z,2026-07-28T12:22:45.000Z,24.4,,,,../../experiments/libvsync-atomic-semantics-v278-20260728/conclusion.md
279,V279,Goblint Structural Race-Free Audit,failed,target_or_audit,,,,,,2026-07-28T12:28:30.000Z,2026-07-28T12:31:28.000Z,2.966666666666667,,,,../../experiments/goblint-structural-racefree-v279-20260728/conclusion.md
280,V280,Linux Empty-Barrier Applicability,failed,target_or_audit,,,,,,2026-07-28T12:34:31.000Z,2026-07-28T12:40:16.000Z,5.75,,,,../../experiments/empty-compiler-barrier-linux-v280-20260728/conclusion.md
281,V281,Relational Comparator Antisymmetry,successful,exact725,698,946.604792418,986.5009775378,27215429632,,2026-07-28T12:46:54.000Z,2026-07-28T14:19:43.000Z,92.81666666666666,254,-92.5682478275189,-92.27012113262319,../../experiments/relational-comparator-certificate-v281-20260728/conclusion.md
282,V282,Relational Comparator Transitivity,successful,exact725,699,883.906323,924.530255,26961915904,,2026-07-28T14:26:42.000Z,2026-07-28T15:38:28.000Z,71.76666666666667,255,-93.06049072554842,-92.7557021806386,../../experiments/relational-comparator-transitivity-v282-20260728/conclusion.md
283,V283,Relational Comparator Substitution,successful,exact725,699,919.289765,953.451938,25604014080,,2026-07-28T15:53:22.000Z,2026-07-28T21:28:48.000Z,335.43333333333334,255,-92.78269689431114,-92.52908192245228,../../experiments/relational-comparator-substitution-v283-20260728/conclusion.md
284,V284,Unified Native Proof Portfolio,successful,exact725,700,859.041804128,903.4940643096343,25426169856,,2026-07-28T21:35:05.525Z,2026-07-29T06:34:39.126Z,539.5600195566813,256,-93.25570095860952,-92.92053446116346,../../experiments/unified-native-v284-20260729/conclusion.md
285,V285,Native Ticket Retry-Stuttering,successful,exact725,701,861.356850191,906.056512353,25645174784,,2026-07-29T06:44:08.000Z,2026-07-29T09:47:33.000Z,183.41666666666666,257,-93.23752563481453,-92.90045600870353,../../experiments/native-residual-v285-20260729/conclusion.md
286,V286,Single Pointer-Spin Collapse,failed,exact725,701,871.2369108290002,915.1920141403098,25666789376,,2026-07-29T12:19:37.000Z,2026-07-29T12:36:24.359Z,16.789320416666666,257,-93.15995771766597,-92.82887339113243,../../experiments/native-residual-v286-pointer-spin-20260729/conclusion.md
287,V287,Pointer-Exception Scoped Spin Collapse,successful,exact725,702,866.534168323,910.8745472538285,25625346048,,2026-07-29T12:45:42.000Z,2026-07-29T13:11:24.000Z,25.7,258,-93.19687874016186,-92.86270356140727,../../experiments/native-residual-v287-pointer-scope-20260729/conclusion.md
288,V288,Single-Worker Initialization Counterexample,successful,exact725,703,865.0478599520001,908.7999609876424,25715208192,,2026-07-29T13:25:45.000Z,2026-07-29T13:45:09.000Z,19.4,259,-93.20854768115355,-92.87895929850504,../../experiments/native-residual-v288-single-worker-20260729/conclusion.md
